,name,short_name,mnemnoic,category,sector,second_sector,org_id
0,30 west pershing,30 west pershing,,commercial,real estate,,7yjwxjweJiXt
1,3d research corp,3d research corp,,contractor,defense,,4xYoq3ygdqEh
2,5 star life insurance,5 star life insurance,,insurance,finance,,3JNcS89Epwt9
3,aar aviation,aar aviation,,commercial,transportation,,7V6G6bQSYefQ
4,aar corp,aar corp,,commercial,transportation,,E9oFkQJZ8QTA
5,abbot enterprises,abbot enterprises,,commercial,manufacturing,,7xHaeZg897FN
6,abrams group,abrams group,,commercial,other,,7fGZ6ce6qZxo
7,accenture,accenture,,contractor,services,,3G4mkcwXS6jk
8,admiral nimitz foundation,admiral nimitz foundation,,"ngo, state or local",education,,3QtKpgBtGkc3
9,advanced concepts and technologies international,advanced concepts and technologies international,,contractor,defense,,6M68Mh4RmGP3
10,advanced electron beams,advanced electron beams,,commercial,energy,,5vVcucjiTN9f
11,advisory defense health board,,,government,healthcare,defense,6bkEFYZCNL9r
12,aea holdings,aea holdings,,private equity,finance,,5rBZkyQcqNPW
13,aeronautical systems,aeronautical systems,,contractor,defense,,hqTBEpjRvu69
14,aerospace corporation,aerospace corporation,,think tank-gov,defense,,5YGFjEySWBYx
15,aerospace education foundation,aerospace education foundation,,"ngo, state local",other,,5GrzK8BQ9G6G
16,aerovironment,aerovironment,,commercial,technology,,6XMdcuEobNh8
17,af association,af association,,association,defense,,7cvZ7dF5EUmY
18,af research lab,af research lab,,think tank-gov,defense,,84AwB5vvJLkT
19,af scientific advisory board,af scientific advisory board,,advisory board-gov,national security,,4vUi5L4Q9ire
20,afba five star fund,afba five star fund,,investment company,finance,,6VxyhmKeyqM8
21,afcea,afcea,,association,defense,telecommuncations,4SUEbikE2Pt8
22,agility defense and government services,agility defense and government services,,contractor,defense,,4xRtTmSmZkyZ
23,air conditioning and refrigeration institute,air conditioning and refrigeration institute,,association,manufacturing,,6k4ppADscnpG
24,air force aid society,air force aid society,,"ngo, state or local",philanthropy,,5UdokDon6csA
25,air force villages foundation,air force villages foundation,,"ngo, state or local",philanthropy,,7nGJkwKdvugN
26,airborne and special operations museum,airborne and special operations museum,,"ngo, state or local",other,,vVJf7Eu97r2r
27,alabama aircraft co,alabama aircraft co,,contractor,defense,,5Cku2CDjjsZ3
28,alaska aerospace development corp,alaska aerospace development corp,,contractor,transportation,,3ChxjuhK2RkQ
29,alaska railroad,alaska railroad,,commercial,transportation,,CeFJ62qAEDYX
30,alatarum institute,alatarum institute,,"ngo, state local",healthcare,,3Fovh2TX9cpS
31,alenia n america,alenia n america,,contractor,defense,,4LZQhRysGTPW
32,alliance partners inc.,,,holding company,energy,,4Ktdc3YeLhGL
33,allied defense,allied defense,,manufacturing,defense,,4KRyia9kGcP4
34,allied research corporation,,,contractor,defense,telecommunication,76h7VUsurPRY
35,allion,allion,,commercial,technology,,8DuBZaoCNZzu
36,alpha security group corporation,alpha security group corporation,,asset management,finance,,NFNeZCzLv7qN
37,am general,am general,,commercial,defense,,5RJAapB5zoVV
38,american centrifuge,american centrifuge,,commercial,energy,,tWTxS5a3tcws
39,american college of building arts,american college of building arts,,university,education,,54SLeEgZGHf6
40,american defense systems,american defense systems,,commercial,other,,6VgDZGWJV75s
41,american helicopter society,american helicopter society,,"ngo, state or local",other,,4XX3vUuAawEx
42,american institute of aeronautics and astronautics,american institute of aeronautics and astronautics,,association,aerospace,,3ksa7TzNDZG9
43,"american public education, inc.","american public education, inc.",,university,education,,5fAA5pNjF6dH
44,american public university system,american public university system,,university,education,,58tKLXGvEg48
45,american savings bank,american savings bank,,bank,finance,,3Jf5h4JcjK8U
46,american short line and regional railroad,american short line and regional railroad,,commercial,transportation,,3LJpJtwovDKS
47,american wood fibers,american wood fibers,,commercial,manufacturing,,7w92ytXnGJ9G
48,ami advisory services,ami advisory services,,consulting,defense,,4CzVjM3Xu8ye
49,ami international,ami international,,consulting,defense,,4r2mnXKWAcrB
50,amsec naval architects,amsec naval architects,,contractor,defense,,5tHmKXyVStDv
51,analex,analex,,contractor,defense,,65rmy8iSGPod
52,analytic services,analytic services,,think tank-gov,national security,,6SRo7eYKJGeM
53,anderson medical consulting,anderson medical consulting,,consulting,healthcare,,7epzvjz7ZP7U
54,anheuser busch,anheuser busch,,manufacturing,food & agriculture,,8PVXquFLaWsZ
55,annapolis center,annapolis center,,advocacy,other,,7FP2BaS8zd5i
56,anteon,anteon,,contractor,defense,technology,3aqhwsFqgx2j
57,aon,aon,,consulting,other,,5F693tTpgLUS
58,applied research associates,applied research associates,,contractor,defense,consulting,6wLDNEKGLd8g
59,apptis,apptis,,commercial,defense,technology,733ShweFeGW7
60,arinc inflight systems design,arinc inflight systems design,,contractor,transportation,aerospace,3makKYrkJBaN
61,arizona commission on military affairs,,,government-state,government,,6HBWLZJwZpsq
62,arizona governor's task force on military installations,arizona governor's task force on military installations,,government-state,government,,6oQvicSdSFtP
63,armed forces services corp,armed forces services corp,,contractor,healthcare,defense,7x46Zs3eqHsB
64,armed forces staff college,armed forces staff college,,university,national security,education,5nPVJgsnXTcg
65,army emergency relief,army emergency relief,,"ngo, state local",philanthopy,,5JXed2YzQgFW
66,army historical foundation,army historical foundation,,"ngo, state or local",other,,xc78paMxX4td
67,army national guard board,army national guard board,,advisory board-gov,national security,,5xMzS94Afe97
68,army navy country club,army navy country club,,"ngo, state or local",other,,6gF6LnR82TPH
69,army science board,army science board,,advisory board-gov,national security,,5TU2ZwjyDcJi
70,arrowsmith tech,arrowsmith tech,,commercial,technology,,7s6G3LF4L8F9
71,arthur vining davis foundation,arthur vining davis foundation,,"ngo, state local",philanthopy,,894gdMsNqPa4
72,ashy and associates,ashy and associates,,contractor,defense,,3bhwihCwsBi3
73,asi consulting group ,asi consulting group ,,consulting,other,,uYQ5fA4kZyZP
74,asia pacific center for security studies,asia pacific center for security studies,,think tank,national security,,3zuL4gmrH64C
75,association of former intelligence officers,association of former intelligence officers,,association,national security,intelligence,5Ak3Xwkm7wwV
76,association of naval aviation,association of naval aviation,,association,defense,,7ut6pRVdrMGV
77,athena innovative solutions,athena innovative solutions,,consulting,defense,intelligene,86r8bPmyZbQ9
78,athena technologies,athena technologies,,commercial,defense,aerospace,7y5FpcPqKYnA
79,atk,atk,,contractor,defense,aerospace,72iLjWKxH8pL
80,atlantic council,atlantic council,,think tank,national security,,5XWvcQPDPGFX
81,atlantis systems america,atlantis systems america,,commercial,defense,,ZvSnGuAEwjYp
82,atlas air world wide holdings,atlas air world wide holdings,,contractor,transportation,defense,5GXrZbbBRNxt
83,atsc,atsc,,"ngo, international",telecommunication,,6aQMLizMcDGX
84,att gov services,att gov services,,commercial,telecommunication,defense,6ofAyq3BVgPA
85,audio mpeg,audio mpeg,,commercial,telecommunication,,4krD9Rr3RfAM
86,aura systems xbernaut,aura systems xbernaut,,contractor,defense,,6vJqQHtRniVJ
87,aurora aerospace,aurora aerospace,,contractor,defense,aerospace,4FkCJJPQmyu4
88,ausa,ausa,,association,defense,,4mbr9ME6rYXp
89,b griffin company,b griffin company,,consulting,other,,4TUiEEH7hcps
90,baca group,baca group,,consulting,other,,4Nam7ey2SbGe
91,bae systems,bae systems,,contractor,defense,aerospace,mkcHD7P9nRWn
92,bah,bah,,consulting,defense,,5dn6w6JL8iXs
93,baker hughes,baker hughes,,commercial,energy,,4gT6mYYGUfdf
94,basin exploration,basin exploration,,commercial,energy,,6CAxVkAL2guV
95,battelle memorial institute,battelle memorial institute,,ngo-research,energy,technology,8FcDWst3mGiK
96,bauer and associates,bauer and associates,,consulting,other,,3qSfSDWSPgif
97,bbc,bbc,,media,media,,7PchUZr8Ljyg
98,bearingpoint,bearingpoint,,consulting,technology,defense,6mqjPocEXeqP
99,beauchamp and associates,beauchamp and associates,,consulting,other,,7rgtR9FUxNj2
100,bechtel corporation,bechtel corporation,,commercial,construction,,6ftzMwnSbcnu
101,behrman capital,behrman capital,,private equity,finance,,3uWtitrjkJKt
102,bell group,bell group,,consulting,other,,3Uoon92eECWN
103,bell helicopters,bell helicopters,,manufacturing,defense,aerospace,75sRKcmxoQWC
104,bien g lyle,bien g lyle,,consulting,defense,telecommunication,7nJycvYpFJrb
105,big sky insights ,big sky insights ,,consulting,other,,4QZ8VuGmfyyn
106,bi-partisan policy center,bi-partisan policy center,,think tank,national security,,4zsZVoJkEZGS
107,bke associates,bke associates,,consulting,other,,7ak5zoQwAXex
108,blackman robert,blackman robert,,consulting,other,,BkoU6YgsWXei
109,bnk petroleum,bnk petroleum,,manufacturing,energy,,Ai2dL2AKdmws
110,boeing,boeing,,contractor,defense,aerospace,3FSh3549cvvQ
111,bowes c william,bowes c william,,consulting,aerospace,defense,7D4dc8UfhHNQ
112,brabham james,brabham james,,consulting,other,,p7YqoE9TLvTU
113,brenmall,brenmall,,commercial,,,7TVw6JhKPad6
114,brewer leadership group,brewer leadership group,,consulting,other,,4BvQMY8w8MzR
115,broad center,broad center,,ngo state or local,education,,3urKApc2yNgV
116,burdeshaw,burdeshaw,,consulting,government,,7ig3jyURAtiA
117,burgess and niple,burgess and niple,,commercial,construction,,4CAXLxoEkSea
118,burlington northern santa fe corporation,burlington northern santa fe corporation,,transportation,transportation,,7u4rTtPomDiq
119,business executives for national security,business executives for national security,,association,national security,,6VohERcYpoJH
120,business software alliance,business software alliance,,association,telecommunication,,7tC2rsCvyWvj
121,by light professional it,by light professional it,,contractor,telecommunicationdefense,,7DKLWkWgu7SA
122,caci intl,caci intl,,contractor,defense,,6CajuKPyMoU8
123,cae usa,cae usa,,contractor,defense,,4AfToxi4srvq
124,california space authority,california space authority,,government-state,government,,5crjf5HtpKio
125,california state government,california state government,,government-state,government,,4htQ37sHyjg3
126,call to quarters,call to quarters,,"ngo, state or local",other,,5dtY4idwV5hH
127,camber,camber,,contractor,defense,,oVcJMQrw3dmY
128,caminus,caminus,,commercial,,,7KUe99Xc7qNk
129,cantor fitzgerald,cantor fitzgerald,,investment company,finance,,7JHC7DrKu4cn
130,capgemni government solutions,capgemni government solutions,,contractor,defense,,8Kit4UisuJin
131,careerbuilder.com,careerbuilder.com,,commercial,other,,D5x8awzTHEYF
132,caribou technologies,caribou technologies,,consulting,defense,,7Cy6PurYr8Zc
133,carlyle group,carlyle group,,private equity,finance,,7TPREFVfi7uY
134,carnegie mellon,carnegie mellon,,university,education,,7pjn8A82qnFk
135,carney enterprises,carney enterprises,,commercial,,,eKzFBi44rGdG
136,carol mutter associates,carol mutter associates,,consulting,other,,3EkYbtj762xC
137,castle strategies,castle strategies,,consulting,other,,7seX2QPiudQg
138,cbs news,,,media,media,,58LYR3HFxZn8
139,center for application of design,center for application of design,,"ngo, state or local",other,,3FBmru72N7JY
140,center for arms control,center for arms control,,think tank,national security,,3Sg2R9wxR4Tw
141,center for climate and security,center for climate and security,,advocacy,defense,environment,5YAtdWT9Eo72
142,center for creative leadership,center for creative leadership,,"ngo, state or local",other,,3bi7ZBMHWqJj
143,center for disaster and humanitarian assistance medicine (cdham),center for disaster and humanitarian assistance medicine (cdham),,government,government,,66otPpdiC8UX
144,center for excellence in disaster management and humanitarian assistance,center for excellence in disaster management and humanitarian assistance,,government,government,,6j3h58ZNhLmE
145,center for immigration studies,center for immigration studies,,advocacy,other,,6YZNWLBaDdPu
146,center for international trade and security,center for international trade and security,,university,education,,6AjJjWDZmS54
147,center for naval analysis,center for naval analysis,,think tank-gov,national security,,3R99Uyz2SeWq
148,center for strategic decision research,center for strategic decision research,,think tank,national security,,6s6EginLZ4yy
149,center for strategic studies of america,center for strategic studies of america,,think tank,national security,,6L3wJee9w5dR
150,cgi federal,cgi federal,,contractor,defense,,n38puVzKttHQ
151,charles r heflebower,charles r heflebower,,consulting,other,,7nsqgVNVKNa9
152,chattahoochi technical college,chattahoochi technical college,,university,education,,5a6TBBYSHAwf
153,chertoff group,chertoff group,,investment company,defense,,5ZgAEUHJGUzU
154,chesapeake corp,chesapeake corp,,commercial,,,4aFvNbu56oLJ
155,chevron,chevron,,commercial,energy,,33A8gpUpsFNH
156,chiles,chiles,,commercial,,,574NkYZjfhT6
157,circadence,circadence,,commercial,telecommunication,,4GSEKpwNvfR9
158,cisco systems ,cisco systems ,,commercial,telecommunication,,4sLBNyp7oqP8
159,citadel,citadel,,university,education,,55Zjf8BBHT73
160,city of huntsville,city of huntsville,,government-local,government,,3xE9zGArqkZw
161,clark t robert,clark t robert,,consulting,other,,6n4dV7jeFMJF
162,clearcube,clearcube,,commercial,telecommunication,,3y832BavykoD
163,cm equity partners,cm equity partners,,private equity,government,,7R69y9VTa4Ww
164,cnf,cnf,,commercial,transportation,,7mDZxZ3g27gq
165,cno strategic studies group,cno strategic studies group,,think tank-gov,defense,,3wnGhLXneuJM
166,coast guard foundation,coast guard foundation,,"ngo, state or local",philanthropy,,7Vzhf4apuhfQ
167,cobro corporation,cobro corporation,,consulting,other,,5QaaHDSvmN8s
168,cohen group,cohen group,,consulting,other,,agjiobC5H8RN
169,colgen,colgen,,consulting,defense,,3aYf63mBmPZS
170,colina verde,colina verde,,consulting,other,,7oAPrCaxEFwg
171,colt firearms,colt firearms,,manufacturing,defense,,7kXdxanwcXkU
172,columbia research group,columbia research group,,commercial,healthcare,,4sxAGjzUtr5M
173,combatting terrorism center,combatting terrorism center,,think tank,national security,,66bX3dpndyis
174,commnexus,commnexus,,commercial,technology,,3AJwZWi5BFiJ
175,commodore applied tech,commodore applied tech,,commercial,other,,5jD9RDsr9SSC
176,community antidrug coalitions of america,community antidrug coalitions of america,,"ngo, state or local",other,,88eoRUaNASDZ
177,compaq,compaq,,commercial,technology,,5g9xyFKn49q3
178,computer sciences corp,computer sciences corp,,contractor,technology,,7ESchTd2GkAg
179,conaway group,conaway group,,consulting,defense,,8NENPrg3PgVJ
180,corbett tech,corbett tech,,commercial,,,3T6NDt6dRdyB
181,cordillera consulting group,cordillera consulting group,,consulting,other,,6GiBrY5iy588
182,corporation for promotion of rifle practice and firearm,corporation for promotion of rifle practice and firearm,,"ngo, state or local",other,,54sduG57spcV
183,council on foreign relations,council on foreign relations,,think tank,national security,,HDctaE4R5f6K
184,countertack (neuraliq government services),countertack (neuraliq government services),,contractor,technology,,4764ncChfbsn
185,covant,covant,,private equity,defense,,QFovFhV4Ky7n
186,crane corporation,crane corporation,,manufacturing,other,,39PCyGsYxDLV
187,crane materials international,crane materials international,,manufacturing,construction,,3ZSfDH4fiicq
188,croker b stephen,croker b stephen,,consulting,other,,4HXCyZYoUfr2
189,crowder strategies and solutions,crowder strategies and solutions,,consulting,other,,3ioGRMzVnnUn
190,csis,csis,,think tank,national security,,BAPEfimjqyyu
191,csra international,csra international,,consulting,defense,intelligence,7iTgjpfkazRN
192,cubic,cubic,,contractor,defense,transportation,7MQx8in8Qoqe
193,cunningham center for leadership development,cunningham center for leadership development,,university,education,,7WVsYFQkSxYu
194,"cylance, inc.",,,commercial,technology,defense,4gDHWAy7YVAk
195,cypress international,cypress international,,consulting,defense,,8BSy25HK7iBf
196,dare to excel,dare to excel,,consulting,other,,5QNUoQN4Sj6o
197,datapath,datapath,,contractor,defense,,3UVexgEvse4a
198,davison consultants,davison consultants,,consulting,other,,4kS7h3URK3wb
199,dayton,dayton,,consulting,other,,4c5iyoZG6cFo
200,dayton aerospace,dayton aerospace,,contractor,defense,aerospace,7J8oQ8c78GeJ
201,dcb associates,dcb associates,,consulting,other,,7dsZBVkdBudD
202,defense advisory commission on women in services,defense advisory commission on women in services,,advisory board-gov,government,,6ynyezUAjKNN
203,defense policy board,defense policy board,,advisory board-gov,national security,,48smpKA6xKCc
204,defense sciences board,defense sciences board,,advisory board-gov,national security,,87dW56jGp4n5
205,defense transformation institute,defense transformation institute,,consulting,defense,,7FM4xZzjDCiu
206,defense venture group,defense venture group,,manufacturing,defense,,7cGTPJSDVfrC
207,deh management consulting,deh management consulting,,consulting,other,,3viDXSPPWur7
208,delta airlines,delta airlines,,commercial,transportation,,7sbJEZidCaeF
209,delta defense corp,delta defense corp,,consulting,other,,4SdKsMbqdWqu
210,demars,demars,,consulting,other,,6jKXXXxU382w
211,detica,detica,,contractor,intelligence,defense,5SyRBkZPSZvw
212,dfi,dfi,,consulting,government,,84TveDWRW7dA
213,"diamondback tactical, lllp","diamondback tactical, lllp",,manufacturing,defense,,3QGdYCh7wqxU
214,dianassociates,dianassociates,,commercial,healthcare,technology,48NDGLJwabst
215,digital fusion solutions,digital fusion solutions,,contractor,defense,,72nHbiqwbgqY
216,dimensions internation,dimensions internation,,contractor,defense,,86Hd5v9q5tmv
217,director of,director of,,commercial,,,5Gxde3ohwKGP
218,dla,dla,,government,defense,,4aqTmEnH7E3g
219,doss aviation,doss aviation,,contractor,defense,aerospace,4hpNNGwC6UuR
220,draper laboratories,draper laboratories,,commercial,defense,technology,6d6biimojg9M
221,drs technologies,drs technologies,,contractor,defense,telecommunication,cy6dMnQ8AEui
222,durango group,durango group,,contractor,defense,aerospace,3eeUAGyNsmcv
223,duratek,,,contractor,energy,defense,3MaBh5JCqAKp
224,durham western heritage museum,durham western heritage museum,,"ngo, state or local",education,,752BNk4L3RuN
225,dynamics research corp,dynamics research corp,,contractor,defense,,3A5s8dTbigmU
226,dyncorp,dyncorp,,contractor,defense,,8PBXrvDVWwYQ
227,eads north america,eads north america,,contractor,defense,aerospace,5BkfyakYxQKB
228,eagle limited,eagle limited,,consulting,other,,3onzpuFdgSSB
229,eagle management solutions,eagle management solutions,,consulting,other,,5GdZUysJQiLr
230,edmonds enterprise services,edmonds enterprise services,,contractor,defense,,3jdmQuPM4qT9
231,edo,edo,,contractor,defense,,6QekhkjLyS5n
232,efficient energy advisors,efficient energy advisors,,consulting,energy,,63JNazDftwuS
233,eid passport,eid passport,,commercial,technology,defense,3tCNyxzofGyM
234,elabs,elabs,,commercial,technology,,zqArzRJTsrrZ
235,electronic warfare associates,electronic warfare associates,,contractor,defense,technology,7emAnpnMZRaz
236,ems board,ems board,,commercial,technology,,73UczT9JgD67
237,energy security leadership council,,,think tank ,energy,,6Bbe4HxYpnmC
238,engility,engility,,contractor,defense,technology,5WCQJP4bufmM
239,engineered support systems,engineered support systems,,contractor,defense,,4a9SJxJyKM5S
240,engineering and management executives,engineering and management executives,,consulting,other,,7oMrycprtoXd
241,enterprise federal savings bank,enterprise federal savings bank,,bank,finance,,4ZeVrKMv9cSb
242,enterra solutions,enterra solutions,,consulting,technology,,6JQi7ZWwKwiv
243,estee lauder,estee lauder,,commercial,manufacturing,,6bjMbNqyvhLp
244,esterline,esterline,,manufacturing,defense,aerospace,37FQj6e6E5QM
245,excelsior college,excelsior college,,university,education,,55wXZVoffDsr
246,exelon,exelon,,commercial,energy,,yVDTxeWHB98F
247,eytchison ronald,eytchison ronald,,consulting,other,,ajqmBqKf654g
248,falcon communications,falcon communications,,commercial,telecommunication,,t5FxcdYH8Eah
249,falcon foundation,falcon foundation,,ngo state or local,philanthopy,,7qEFggk28uMR
250,falken industries,falken industries,,commercial,other,,7YoATbCfos9c
251,fast search and transfer,fast search and transfer,,commercial,technology,information technology,3qNQuZXYuuvr
252,federal technology center,federal technology center,,commercial,,,7UTcpXM8q8V4
253,fedvet,fedvet,,contractor,defense,healthcare,7KWyfsLdTBW7
254,finmeccania,finmeccania,,contractor,defense,aerospace,5vtbwmCqoD2N
255,first energy,first energy,,commercial,energy,,4Q9RrZLq4H2k
256,fisher house foundation,fisher house foundation,,"ngo, state local",philanthopy,,53bCfd4a7kGA
257,fistergregor,fistergregor,,consulting,other,,5CQXWsp29V3c
258,fletcher school,fletcher school,,university,education,,3xeSTe7dLX3b
259,flight 93 memorial foundation,,,ngo,philanthropy,,7RAeqZBTRN58
260,florida veterans association,florida veterans association,,association,other,,5kVL93xSpbjX
261,force protection,force protection,,manufacturing,defense,,4VLXkzSVVCdW
262,forestek com,forestek com,,commercial,,,36tGX5LuyWEN
263,fork union,fork union,,education,education,,4avQQK2HJKxn
264,four star group,four star group,,lobbying,defense,,68dssKsmJm9T
265,fox news,fox news,,media,media,,5jxkgVC46N8R
266,foxhall capital management,foxhall capital management,,asset management,finance,,5L2MVVvCETVT
267,franks and associates,franks and associates,,consulting,other,,WrZ867a9SEw6
268,freddy e mcfarren,freddy e mcfarren,,consulting,other,,5BFZgjGxd4y8
269,freedom house,,,ngo international,other,national security,7MAawQEg2ptW
270,freelinc,freelinc,,manufacturing,telecommunication,technology,6d8sHc4ADJjz
271,frost and associates,frost and associates,,consulting,other,,5iuf8q8mnN6A
272,future technologies,future technologies,,contractor,defense,,6EPBYQBXmPHb
273,g. s. martin consulting,g. s. martin consulting,,consulting,other,,4nRPcyrVhSot
274,gandh enterprises,gandh enterprises,,commercial,,,MQ4NgCQk48Tr
275,gas appliance manufacturer's association,gas appliance manufacturer's association,,association,manufacturing,,NgzpcuGbMsxa
276,gate petroleum company,gate petroleum company,,commercial,retail,construction,6mbSP6eorSCx
277,general atomics,general atomics,,contractor,energy,,5Vr3FkEesgCv
278,general dynamics,general dynamics,,contractor,defense,,3Jd3vmLkabDp
279,general honore,general honore,,consulting,other,,7JvQmXUMbiXu
280,genex technologies,genex technologies,,commercial,technology,,3yHUTkdGh43E
281,georesource hawaii,georesource hawaii,,commercial,,,JVZEHRVvGLzc
282,george mason university,george mason university,,university,education,,Ex5VRLFSbJ2g
283,georgetown university,georgetown university,,university,education,,3Ef92GJSbk7L
284,global associates,global associates,,contractor,defense,,7Ev4vPpJqQGJ
285,global crossing ltd,global crossing ltd,,contractor,defense,,5uZ5tUJMKjh2
286,global logistics associates,global logistics associates,,association,transportation,,6oSLRcWQ3dKo
287,global panel foundation,global panel foundation,,ngo international,national security,,4Pt3qaPA75w7
288,global partnerships,global partnerships,,ngo local state,other,,7HMkFKrtcagJ
289,global payments,global payments,,commercial,finance,,8JEdDddCNjxg
290,global perspectives,global perspectives,,consulting,other,,Ast2fAGAUfg3
291,global security management,global security management,,consulting,other,defense,7MN3MpPoaQ75
292,globe secnine,,,,,,6rQ3gJBfkmAk
293,goldbelt wolf,,,,,,7m6FDP6u9B3f
294,goodrich corporation,goodrich corporation,,contractor,aerospace,defense,5wPRpXdEJgcV
295,"goodrich lighting systems, ghm",,,,,,659F9PJDfiUL
296,government services,government services,,commercial,,,4DPAv89njA7Z
297,gpu,gpu,,holding company,energy,,6KcXQBF46mR8
298,grant thornton llp,grant thornton llp,,consulting,other,,5mJtCHd7nBPr
299,grc international,grc international,,contractor,technology,,3c7LnbJUswS6
300,great western bancorporation,great western bancorporation,,bank,finance,,7oHTNSjRVPk5
301,greely pond technologies,greely pond technologies,,consulting,other,,StpxXGPtceTk
302,griffon corp,griffon corp,,holding company,other,,4EXgywhHpCF7
303,growth energy ,growth energy ,,association,energy,,7NwwM9FyDXyH
304,gtsi,gtsi,,contractor,technology,,7KPV3M3H9q5G
305,gunn group,gunn group,,consulting,other,,4YAGUPQsqHo8
306,gyrocam systems,gyrocam systems,,manufacturing,defense,aerospace,67ic24A5XGH5
307,hailston,hailston,,commercial,,,7upM8Z4ctfts
308,halotron,halotron,,commercial,retail,,5L7SLK6XUUYr
309,hamm r charles,hamm r charles,,consulting,other,,87xJhDgAGe4q
310,hampden sydney college,hampden sydney college,,university,education,,5iqyecScuysz
311,harrisburg collage,harrisburg collage,,university,education,,7LZsUSMU39BE
312,harvard university,harvard university,,university,education,,5gxauwCYpnqQ
313,hatch jr w monroe,hatch jr w monroe,,consulting,other,,4jAmuWN6jbtS
314,hawaii army museum society,hawaii army museum society,,"ngo, state or local",education,,4PdZteK2n4et
315,hawaii medical vitrification,hawaii medical vitrification,,commercial,services,,5QCN2kN4TcTX
316,hawaii pacific university,hawaii pacific university,,university,education,,5F7QBUoYDAUT
317,hawaiian electric industries,hawaiian electric industries,,commercial,energy,,4afGV756LZD5
318,hawkerbeechcraft corporation,hawkerbeechcraft corporation,,contractor,aerospace,,6TCUo5ibTaQe
319,health services consulting,health services consulting,,consulting,healthcare,,6DyQZYyffhPH
320,hekman m peter,hekman m peter,,commercial,,,4Z3soVC6FHu5
321,herc products,herc products,,commercial,services,,3fFRMSF8aaH8
322,heritage foundation,heritage foundation,,think tank,national security,,3z9GGWwbkyeN
323,high flyer ventures,high flyer ventures,,commercial,services,,5jQv6wusAYAS
324,highway 12 ventures,highway 12 ventures,,venture capital,finance,,4Akfc5AcXzhK
325,hitachi foundation,,,"ngo, international",philanthropy,,DNqhNhAb3GTy
326,hmh associates,hmh associates,,commercial,real estate,,5W7UgE6TVRSr
327,hntb,hntb,,commercial,construction,,6sudotvynFvy
328,holy cross hospital,holy cross hospital,,commercial,healthcare,,3qtAf6NGNpLe
329,home depot,,,commercial,retail,,7CVLueJdM5Xr
330,home front cares,home front cares,,commercial,philanthropy,,68eJbfigvqmj
331,honeywell,honeywell,,manufacturing,technology,defense,3VPt77Ap5pY4
332,hoover institution,hoover institution,,think tank,national security,,76M4s64e9Qth
333,horne,horne,,commercial,construction,,3nAZzQAu2MYf
334,houston and associates,houston and associates,,auditor firm,finance,,8Fx8CpzMLY3q
335,howell estes and associates,howell estes and associates,,consulting,aerospace,,4u5p4vZyYoyE
336,hp,hp,,commercial,technology,,4J5E5P743a9s
337,hudson institute,hudson institute,,think tank,national security,,6SgZeKdPkqFD
338,humanetics pharmaceuticals,,,manufacturing,pharmacetical ,,6xTKUbuZmCQt
339,hunt ridge,hunt ridge,,commercial,,,6brrugEmJ5aa
340,hunting and shooting sports hertiage foundation,hunting and shooting sports hertiage foundation,,association,other,,5yYvGQQ3Mdur
341,hwb services,hwb services,,contractor,aerospace,,6v6frCJaPE6N
342,hwb services,hwb services,,commercial,,,4KZfjs7M9Q4h
343,i3 ideal innovations inc,i3 ideal innovations inc,,contractor,technology,,7UbSaZfU4tsR
344,iap,iap,,contractor,technology,,6safLqDRPMpy
345,ibm,ibm,,consulting,technology,,6XcpAMQbD2a6
346,iceweb,iceweb,,contractor,manufacturing,,4PcvhueLY6wT
347,icx technologies,icx technologies,,contractor,intelligence,,64xbipSjUGvD
348,idaho national laboratory,idaho national laboratory,,think tank-gov,energy,,5rHV9aBTeW3i
349,idaho technology council,idaho technology council,,association,technology,,osuwnteSK2ge
350,idb,idb,,intergovernmental ,finance,,4LGytTmjX5jV
351,iit research,iit research,,research institute,other,,6DYMtykewdBN
352,independent,independent,,consulting,other,,3czoCwZVf3Ps
353,infinity commercial consulting,infinity commercial consulting,,consulting,other,,6z8jkr3dAyaE
354,information systems laboratories,information systems laboratories,,contractor,defense,,6bQeCys8iSoD
355,information technology solutions,information technology solutions,,consulting,technology,,kjHo4bZmrWjk
356,infospace,infospace,,commercial,services,internet services,3XhdteRokBDE
357,initiative for collaborative government,initiative for collaborative government,,contractor,other,,5DTQt6Q5K8bf
358,instantiation,instantiation,,consulting,other,,5aMykfopjJSK
359,institute for defense analysis,institute for defense analysis,,think tank-gov,defense,national security,43U42LESwCHe
360,institute for human machine cognition,institute for human machine cognition,,university,education,,6R7cu6SUTKZZ
361,institute for the study of war,institute for the study of war,,think tank,national security,,6wLaSoqNbpkH
362,integral systems,integral systems,,contractor,aerospace,,8GGcXJacpUmb
363,integrated systems,integrated systems,,contractor,defense,,54SzoFTWthEb
364,intelius,intelius,,commercial,services,internet services,6dpJuxKtWiXo
365,intellicheck mobilisa,intellicheck mobilisa,,commercial,retail,technology,aWLnKvFeps8q
366,intelligence and national security alliance,intelligence and national security alliance,,association,national security,intelligence,3sZ6mzGwspuj
367,intercad,intercad,,consulting,technology,,3Qb83jyd6b4S
368,investor relations group,investor relations group,,media,finance,,7xk6tbfh5voa
369,iridiuim llc,iridiuim llc,,contractor,defense,,6SxtdKT8MD9H
370,iridium communications,iridium communications,,contractor,aerospace,technology,7xdXDGX7CtHh
371,irobot,irobot,,commercial,technology,,5vguifP6XS44
372,isw staff,isw staff,,think tank-gov,defense,,6k7tVtHgjmku
373,itt corp,itt corp,,contractor,defense,,55r9UvPhMZ4q
374,j dallager,j dallager,,commercial,,,4bC7b3FpULSB
375,j e dunn construction,j e dunn construction,,commercial,construction,,7ttGKaFnxSSQ
376,j p hoar and associates,j p hoar and associates,,consulting,other,,aK34Unw3mnrC
377,jag school,jag school,,university,education,,6Gmm39sJnpZu
378,jajj,jajj,,commercial,,,7zEJwZZoEfE2
379,james campbell trust,james campbell trust,,trust,finance,,9FhZXfvPVNK2
380,james madison fellowship foundation,james madison fellowship foundation,,"ngo, state or local",other,,7GNzYYuFTRdd
381,jbsj associates,jbsj associates,,"ngo, state or local",other,,7dyrBuQEqmoM
382,jhandy consulting,jhandy consulting,,consulting,other,,44QBrAmwgQuV
383,jim fain consulting company,jim fain consulting company,,consulting,other,,5WwPjUUxnT8D
384,john deere,john deere,,manufacturing,manufacturing,,6QmLP7vhCx2h
385,john hancock,john hancock,,insurance,finance,,3WvAygiL5aKx
386,john michael loh and associates,john michael loh and associates,,consulting,other,,7u72io7Bd4Y2
387,john r vines,john r vines,,consulting,other,,6Q2PxUAgt7a9
388,johns hopkins school of advanced international students,,,university,education,,5VVvdCyTnwJU
389,joint forces command,joint forces command,,government,defense,,6Nge7diM4uHp
390,joint warfighting center,joint warfighting center,,government,defense,,8LQAwnpFDF9M
391,jones lang lassalle government services,jones lang lassalle government services,,contractor,real estate,,3Wq7nQssB3eT
392,jot enterprises,jot enterprises,,consulting,intelligence,,3Yu55wB5Mwb2
393,joulwan a george,joulwan a george,,consulting,other,,5P3AbzrJjLGm
394,jpa partners,jpa partners,,consulting,other,,7rarRzb8b34X
395,jpl,jpl,,research institute,aerospace,government,6dkCdDpBqViv
396,jsd and son enterprises,jsd and son enterprises,,commercial,,,5VUkC2Ydbaxu
397,jt hill and associates,jt hill and associates,,consulting,national security,,7eQXW4kcDPKJ
398,kaman corp,kaman corp,,contractor,aerospace,,3ESZNC2nfGgH
399,kansas state university,kansas state university,,university,education,,5CvZaSFBKsUx
400,kansas state university foundation ,,,university,education,,34ySP9fDJMcA
401,kara,kara,,commercial,,,xNFutZJNsNAW
402,kbr,kbr,,contractor,defense,,78ngBQZkvD35
403,keane,keane,,contractor,government,,6iEDjPJ9DDzE
404,keck institute for international and strategic studies,keck institute for international and strategic studies,,think tank,national security,,63JLt8smXdvT
405,kelso,kelso,,commercial,,,3T7MUBGABJuy
406,kenne group,kenne group,,consulting,other,,74DBKJdKdUGD
407,kennedy memorial foundation,kennedy memorial foundation,,"ngo, state or local",other,,5HjRJW5BprXm
408,kentucky state government,kentucky state government,,government-state,government,,3ZotEBvTyhMh
409,kestral enterprises,kestral enterprises,,contractor,defense,technology,LaAxa49cPFgz
410,kleiner perkins caufield and byers,kleiner perkins caufield and byers,,venture capital,finance,,7YR4H2f7H96V
411,l and e enterprise solutions,l and e enterprise solutions,,consulting,other,,dKDFUuXhXHgM
412,l3,l3,,contractor,intelligence,aerospace,6CEotQaJHc59
413,l3 communications,l3 communications,,contractor,defense,telecommunication,sYpPSUHbYzWn
414,l3 communications nova engineering,l3 communications nova engineering,,contractor,defense,telecommunication,5zYi8Wgioekr
415,"l3 mustang technology, lp","l3 mustang technology, lp",,contractor,defense,telecommunication,Je9qP8XNgBcS
416,"l3 mustang technology, lp","l3 mustang technology, lp",,contractor,defense,telecommunication,6wmYhtPMwBrk
417,landmine clearance international,landmine clearance international,,"ngo, state or local",other,,5eLRFGG5MpaS
418,laporte and associates,laporte and associates,,consulting,other,,5EhdBNbfop2o
419,law companies group,law companies group,,consulting,technology,,7W3EeXhMxmLm
420,law enforcement associates corp,law enforcement associates corp,,contractor,intelligence,technology,85Xtz8WsrSCd
421,leo pigaty consultants,leo pigaty consultants,,consulting,technology,,58Hp5LGxYf7S
422,levant power,levant power,,commercial,technology,,44Uodjk2SDbL
423,lezy strategies,lezy strategies,,consulting,other,,6QHDeXGkmfkc
424,lgs innovations (lucent),lgs innovations (lucent),,commercial,technology,,5r28HbYrNvwA
425,libertarian party,libertarian party,,political,politics,,7VB2Fnmx6EnK
426,life partners holdings,life partners holdings,,insurance,finance,,65fwSk3VmFke
427,lightening science corp,lightening science corp,,manufacturing,technology,,4D5jvNQVjS2o
428,linc group,linc group,,consulting,other,,7ChdiKAAgqTm
429,lindberg foundation,lindberg foundation,,"ngo, state or local",education,,4LaoK5ith6kC
430,lionetti consulting (bought out by another company in database),lionetti consulting (bought out by another company in database),,consulting,technology,information technology,4zuJD3ASHFQ2
431,liquidmetal technology,liquidmetal technology,,manufacturing,technology,,6FSAV4sfmbpp
432,litton,litton,,contractor,defense,,3wnzPrun2BPd
433,lmi,lmi,,consulting,government,,wH6bKonDuqmM
434,lockheed martin,lockheed martin,,contractor,defense,aerospace,3ec6oszAxU8b
435,lockheed martin space systems,,,contractor,defense,aerospace,79woKRVAokza
436,loea corp,loea corp,,commercial,telecommunications,,4uzAMds2g48G
437,logistics management resources,logistics management resources,,consulting,services,technology,8MWfzFcxkpPf
438,logtek,logtek,,consulting,services,technology,7UNkWgqK2DaH
439,loral space and communication,loral space and communication,,commercial,aerospace,,RWT7J4yioSpi
440,lord corporation,lord corporation,,manufacturing,manufacturing,,7mjjQApxfQyr
441,los alamos national laboratory,los alamos national laboratory,,think tank-gov,energy,,8J4hA8L3DDdy
442,los alamos technical associates,los alamos technical associates,,contractor,services,,Aijawe5oYEXy
443,louisiana land and exlporation,louisiana land and exlporation,,commercial,other,energy,3ydrpdhBs5sW
444,lstafford utterback,lstafford utterback,,commercial,,,7yuHoErsY4sg
445,lucent,lucent,,commercial,technology,,5aHryeL4PAp6
446,luthern chuch extension fund,luthern chuch extension fund,,"ngo, state or local",philanthropy,,42LE8N6dWxed
447,lwmiii consulting,lwmiii consulting,,consulting,other,,9tZgBxKhQ3yE
448,lyles group,lyles group,,contractor,construction,,33d27THHctB3
449,madison government affairs,madison government affairs,,consulting,consulting,,5ZWGZmGMuxqq
450,maersk line,maersk line,,commercial,transportation,,4WfmLGzdtVpp
451,main line health systems,main line health systems,,"ngo, state local",healthcare,,4WKFQYp5FqQx
452,mantech,mantech,,contractor,cybersecurity,telecommunication,noWmPYRJDtLU
453,marine corps heritage foundation,marine corps heritage foundation,,"ngo, state or local",education,,rPvkViPA3AjR
454,marlo coil,marlo coil,,commercial,manufacturing,,7GXAtKjp7gJL
455,marshall legacy institute,marshall legacy institute,,"ngo, international",other,,7fMA9eqwAu4c
456,marstel,marstel,,consulting,consulting,,3nPuoHcNdRyV
457,martin blanck and associates,martin blanck and associates,,consulting,consulting,,3vxbn3UrTDZW
458,maude foundation,maude foundation,,"ngo, state or local",philanthropy,,6o889Cz6wVj7
459,may a charles,may a charles,,consulting,consulting,,5cgB96epc8tH
460,mbna,mbna,,bank,finance,,7M8RLVTMndRe
461,mcdermott int,mcdermott int,,commercial,construction,,oABZRQNkHMN7
462,mclane advanced technology,mclane advanced technology,,contractor,defense,,8BpeYfstCwPw
463,mcpeak and associates,mcpeak and associates,,insurance,finance,,N2T2WKJgHuJi
464,mcrv,mcrv,,consulting,consulting,,4iKqPpUzA4tg
465,meis group,meis group,,commercial,education,,aPmZkukoep2S
466,mele associates,mele associates,,consulting,other,,7NXgkDLLWwK9
467,merrill advisors,merrill advisors,,consulting,consulting,,7FwGLMY54aZZ
468,mic industries,mic industries,,commercial,manufacturing,,792HbjCak22t
469,michael e ryan and associates,michael e ryan and associates,,consulting,consulting,,4F4Yt2tBCPrh
470,microsoft,microsoft,,commercial,technology,,6rdYiXEg7LHM
471,midwest research institute,,,"ngo, research",energy,defense,7z6tsXSmpXYD
472,mies group,mies group,,commercial,education,,62soMSrbkYRN
473,mighty eight air force heritage museum,mighty eight air force heritage museum,,"ngo, state or local",education,,Ls7E9F8mWNGb
474,mike mcginty associates,mike mcginty associates,,insurance,consulting,,wPTqZ2kQpa6K
475,military affairs committee,military affairs committee,,"ngo, state or local",other,,7YqrYciuX56e
476,military child education coalition,,,ngo,education,defense,8EugQTAQ2KXP
477,military officers association of america,military officers association of america,,association,defense,,3q9gWUf8Vrpy
478,mississippi state university,mississippi state university,,university,education,,uwpZHBSNKs4Z
479,mistral,mistral,,consulting,consulting,,725h5Gj5M83A
480,mit,mit,,university,education,,6rfvqDkBTZJW
481,mit lincoln labs,mit lincoln labs,,think tank-gov,defense,national security,5quJeWCdnQje
482,mitre,mitre,,think tank-gov,defense,government,4eaETpy42YLm
483,moaa,moaa,,association,military,,3NViH64nABFd
484,modumetal,modumetal,,commercial,manufacturing,,5u8csFN8t687
485,moneterey institute for international studies,moneterey institute for international studies,,university,education,,84hPTsj7UiCF
486,monher and associates,monher and associates,,consulting,other,,4fa6zmmd2T4b
487,monmouth university,,,university,education,,5sZMkkdfNArN
488,monster worldwide ,monster worldwide ,,commercial,services,,3BrdZXnm7MQC
489,moravian college,moravian college,,university,education,,3yFAyKVh86vb
490,morehouse college alumni assoc,morehouse college alumni assoc,,"ngo, state or local",education,,4qjgyfj5agH7
491,morganstanley,morganstanley,,asset management,finance,,AFFZDUT8fNga
492,mortensen and associates,,,consulting,other,,5CYGbhzedLUb
493,mortensen and associates,mortensen and associates,,consulting,other,,4sJJPjvvnrbM
494,moseley and associates,moseley and associates,,consulting,other,,4GNmq2CEagop
495,mpri,mpri,,contractor,defense,,6MZJeDSfU4xg
496,muster capital,muster capital,,commercial,,,8Wg2SBJSQLoz
497,myeloma foundation,myeloma foundation,,"ngo, state or local",healthcare,,65BxSoETnuXy
498,mystech associates,mystech associates,,contractor,technology,,6L4ngrc94qFT
499,mzm,mzm,,contractor,defense,technology,6ZCKPsUYy9wF
500,nancy e brown,nancy e brown,,consulting,other,,3UrDZda8eNHH
501,nasa,nasa,,government,aerospace,,6eXKs4fy3miE
502,national acadamies,national acadamies,,think tank-gov,technology,,5jq7G6EugLFF
503,national air and space museum,national air and space museum,,"ngo, state or local",education,,6zdpVAi6nvf8
504,national bureau of asian research,,,think tank,other,national security,7CNjVawn8AGQ
505,national center for simulation,national center for simulation,,association,technology,,3EBCKm4pAZAL
506,national committee on us-china relations,,,think tank,other,national security,6zaB6wQCWHMc
507,national defense panel,national defense panel,,advisory board-gov,government,,4ynfrhNBnrAH
508,national military intelligence association,national military intelligence association,,association,national security,defense,5B7NmmVeSFtt
509,national multiple sclerosis society,national multiple sclerosis society,,"ngo, state or local",healthcare,,5C8a5KZtCqBi
510,national museum of naval aviation,national museum of naval aviation,,"ngo, state or local",education,,7PgkDefrU6nh
511,national museum of united states air force,national museum of united states air force,,"ngo, state or local",education,,5wUHjSfapLMw
512,national security advisory agency board,national security advisory agency board,,think tank-gov,national security,,SepMTCVu7QYP
513,national shooting sports foundation,national shooting sports foundation,,association,other,,T4b7pyueBuhm
514,naval academy foundation ,naval academy foundation ,,"ngo, state or local",education,,896UQA5au88R
515,naval historical league,naval historical league,,"ngo, state or local",education,,JAREFecaTH4A
516,naval studies board,naval studies board,,think tank,national security,,rFKXtXVhDUPy
517,naval submarine league,naval submarine league,,association,defense,,73Vz3tKEjJKc
518,navy fcu,navy fcu,,bank,finance,,VSiQL3xPgJtv
519,navy league,navy league,,"ngo, state or local",philanthropy,,5fU7MQEAEcrE
520,ndia,ndia,,association,defense,,6dy4n6G84ULA
521,ndu,ndu,,university,national security,education,4eMVy74Cintk
522,neah power systems,neah power systems,,manufacturing,energy,,6dTVctHWdvqa
523,network centric operations consortium,network centric operations consortium,,association,technology,,4dBtJkavRviQ
524,neuraliq government services,neuraliq government services,,contractor,technology,,6c8ZWYBVS5yU
525,nevada alliance,nevada alliance,,commercial,,,7UYNBWHtfvz3
526,newellrubbermaid,newellrubbermaid,,manufacturing,manufacturing,,7d8LqZAXXXNA
527,nexcen franchise management (global franchise group),nexcen franchise management (global franchise group),,commercial,other,,3NUCkfdCHpUL
528,nfi,nfi,,commercial,transportation,,7XqDRYKeJZS6
529,nielson company,nielson company,,commercial,,,5SYiShGF6NTQ
530,noaa,noaa,,government,government,,6aDPyTjDxky4
531,nortel government services,nortel government services,,contractor,defense,,3Xn7Pg9hTpSw
532,northrop grumman,northrop grumman,,contractor,defense,,6bCorbzk7pVK
533,norwich university,norwich university,,university,education,,5duphiJU4ifF
534,npr,npr,,media,media,,8Ahk9zQrsvj4
535,nps,nps,,government,government,,XEPEQJYgzsYQ
536,nro,nro,,government,defense,,3zdSh2BSyEvC
537,nuclear disarmament movement,nuclear disarmament movement,,"ngo, state or local",other,,3yh3NpjcQwqt
538,nuclear energy institute,nuclear energy institute,,association,energy,,3CQQs6CFjLhb
539,oak grove technologies,oak grove technologies,,contractor,defense,intelligene,7Mam5BbA64gD
540,oak ridge national laboratory,oak ridge national laboratory,,think tank-gov,energy,,3rd9GVfumQsP
541,oceanworks int,oceanworks int,,manufacturing,defense,energy,reaW3gDJYp6U
542,oconnell and associates,oconnell and associates,,consulting,defense,,pNYByT7ZJmyZ
543,octus,octus,,commercial,technology,,KK4aR4BzKnRY
544,odni,odni,,government,intelligence,government,BbHpg4jfci4Q
545,office of homeland security,office of homeland security,,government,defense,government,4soRTYdt5G7D
546,oklahoma city chamber of commerce,oklahoma city chamber of commerce,,association,other,,6AebPhaVJiJt
547,olmstead foundation,olmstead foundation,,"ngo, state or local",philanthropy,,4KxThaLNcfoF
548,omni systems,omni systems,,contractor,technology,defense,6BxYFmEKnxwz
549,orbital services corporation,orbital services corporation,,manufacturing,aerospace,,6EWX4qTmYpjW
550,oshkosh truck corporation,oshkosh truck corporation,,commercial,transportation,,PHAKk5bckTeJ
551,osprey bay,osprey bay,,consulting,other,,836gjXgcpGWm
552,owens ira c lt general,owens ira c lt general,,consulting,other,,4Hek97YZzCJK
553,pacstar,pacstar,,manufacturing,technology,telecommunication,89JM4MyV6uMx
554,pai consulting,pai consulting,,consulting,aerospace,government,4YPRkuMufvKz
555,paladin capital group,paladin capital group,,venture capital,finance,,5uVXWxaRuNEv
556,pan american solutions,pan american solutions,,consulting,other,,8LpVfbKyRBrV
557,paradigm advanced technologies,paradigm advanced technologies,,commercial,technology,,3ibwvcQf4EKJ
558,park city consulting group,park city consulting group,,consulting,other,,4Xw2Q5zACtkE
559,patriot defense group,patriot defense group,,contractor,defense,,CTnWWEpyzPzV
560,paw and associates,paw and associates,,lobbying,other,,5xeEqc2zUCig
561,pegasus,pegasus,,commercial,,,3SMmZGhjsLq2
562,pelican products,pelican products,,commercial,,,8BsrJpbcv99A
563,pentagon federal credit union,pentagon federal credit union,,bank,finance,,4XPffTjHXtiX
564,perceptics,perceptics,,commercial,,,3SaG2UVV7GR9
565,phoenix house,phoenix house,,"ngo, state local",healthcare,philanthropy,5ZvdcCxeAeBh
566,pictsweet company,pictsweet company,,manufacturing,food & agriculture,,3LUj3SWeJ7B5
567,pikes peak united way,pikes peak united way,,"ngo, state local",philanthopy,,3sWt2URS6KYj
568,plant success,plant success,,commercial,,,6J6dFM8Htw7h
569,platinum ventures,platinum ventures,,commercial,real estate,,8ArLurCg6nEz
570,plug power,plug power,,commercial,,,7ftTXcWDxozt
571,pmh enterprises,pmh enterprises,,commercial,,,5HupuHxrnNSY
572,pointblank,pointblank,,bank,finance,,7M4iHmDJSHUC
573,positron systems,positron systems,,commercial,,,EfDmbfJwmYwo
574,potomac institute,potomac institute,,think tank ,defense,technology,VjDgd97dztoF
575,pratt and whitney,pratt and whitney,,manufacturing,manufacturing,,3CRPNbgwpeyY
576,proctor and gamble,proctor and gamble,,manufacturing,manufacturing,,4Pdcxx5fKez7
577,protective products of america,protective products of america,,commercial,,,3ecYHwKAcjrq
578,proteus group,proteus group,,commercial,,,69UzZ2Ha4kMJ
579,psnr,psnr,,commercial,,,4bnNHgdQeCmd
580,puradyn filter technologies,puradyn filter technologies,,techology,manufacturing,,4ARdmjx2DbSU
581,qss group,qss group,,it consulting ,technology,,4kCg7JQoSsEr
582,qtc management,qtc management,,contractor,healthcare,,6ePLvBLyBHaw
583,quarterdeck equity partners,quarterdeck equity partners,,bank,finance,aerospace,5rf9PoTCXTsG
584,quiet pros,quiet pros,,commercial,,,5asYMJFC4r2W
585,rackable (subsidiary of silicon graphics international group),rackable (subsidiary of silicon graphics international group),,techology,telecommunications,,3sfxh32QJoQN
586,rafael usa,rafael usa,,techology,defense,,8CCakyfmVVcs
587,railamerica (genesee & wyoming inc parent),railamerica (genesee & wyoming inc parent),,holding company,transportation,,592W8x7SsGyK
588,ran phil ford consulting,ran phil ford consulting,,consulting,other,,8HvMvB86Qxsj
589,rand,rand,,think tank-gov,defense,national security,8Ni6NttgSNFG
590,randtron antenna systems,randtron antenna systems,,techology,defense,,wDSzSATFTnaU
591,ravens group,ravens group,,consulting,defense,,45M8haxiznra
592,raytheon,raytheon,,contractor,defense,technology,4ajTjK4ftx3z
593,reason paul,reason paul,,consulting,other,,55Xj5w95ookV
594,red hat,red hat,,contractor,cybersecurity,technology,Scz77kkvcyer
595,remington,remington,,manufacturing,defense,,7QbHJavbd9Tc
596,remote reality,remote reality,,techology,technology,,757hnk9c6Pdk
597,remotec,remotec,,construction,technology,,3SHrnFP5LzrW
598,reserve officers organization,reserve officers organization,,association,defense,,87q22RJTLnSA
599,richard kramlich,richard kramlich,,consulting,other,,5eQHPXUL9ZfT
600,richard trzaskoma,richard trzaskoma,,consulting,other,,6LSqjH9hsUhr
601,rivada corporation,,,commercial,telecommunication,,4cdVZ7xMbVWw
602,rj natter,rj natter,,consulting,finance,,4mpgZUr9RM5p
603,rjbath,rjbath,,consulting,defense,,337VAZVC2z52
604,rk solution enterprises,rk solution enterprises,,consulting,finance,,828ycZBQ6rVm
605,rmyers and associates,rmyers and associates,,consulting,finance,,6Gv5hn4zcX6T
606,robbins gioia,robbins gioia,,consulting,defense,,7pxoghC4MEZ4
607,robert l rutherford,robert l rutherford,,consulting,other,,6tiwBnEWSRbC
608,robert magnus,robert magnus,,consulting,defense,,LFyGoLagQt8K
609,rockwell collins,rockwell collins,,manufacturing,defense,aerospace,5kGJYt8f289y
610,rodman and renshaw,rodman and renshaw,,investment company,finance,,3KvJSHmrVdBR
611,rogers corporation,rogers corporation,,consulting,energy,,6o5Yxnsn7PkP
612,rolls royce north america,rolls royce north america,,commercial,manufacturing,,5DEzT2bw4AHL
613,ronald w yates,ronald w yates,,consulting,other,,3eBEyw69Gbeq
614,rpm international inc,rpm international inc,,manufacturing,manufacturing,,3J6ggj72PfnV
615,rt conway & associates ,rt conway & associates ,,commercial,,,FijnZb7oWznR
616,ryder,ryder,,commercial,transportation,,5sqQsGpkgFYb
617,saa federal savings bank,saa federal savings bank,,bank,finance,,4aL75SxYyo2B
618,safenet,safenet,,contractor,information security,,5xkjDCbAGp9g
619,sage solutions,sage solutions,,consulting,policy,technology,5jPjU2ZyFcE9
620,saic,saic,,think tank-gov,defense,,6g9bWjEgvjgW
621,sandia national labolatory,sandia national labolatory,,think tank-gov,energy,,3n6LqJ8A5YxV
622,sandwich isles communications,sandwich isles communications,,commercial,telecommunications,,PJ6sFoYHNmAR
623,santerelli consulting,santerelli consulting,,consulting,military,,Q38rANkbCkxq
624,sap,sap,,it consulting ,information security,finance,5HyEf9FYc2aE
625,sapient,sapient,,consulting,marketing ,technology,6hqttxTrSWPK
626,"sasakawa peace foundation, usa",,,ngo international,other,national security,iy5d9Evee5wB
627,savanah river nuclear solutions,savanah river nuclear solutions,,commercial,energy,,6K6tYZZ69vc8
628,savi technology,savi technology,,it consulting ,security ,telecommunication,7SGvtoKjLzFF
629,schafer corp,schafer corp,,technology,national security,aerospace,jX5ozCTfgG6M
630,schering plough,schering plough,,manufacturing,healthcare,pharmacetical,84djoJ5ciSqK
631,schloz family foundation,schloz family foundation,,"ngo, state or local",philanthropy,,56oPyeZp2JL2
632,science and engineering technology associations,science and engineering technology associations,,contractor,defense,,6L6Yz4PaePDj
633,sears roebuck,sears roebuck,,commercial,retail,,4BvXzYDW5ebR
634,second genesis,second genesis,,"ngo, state or local",healthcare,,3idNiQGWoWyJ
635,securing america's future energy (safe),securing america's future energy (safe),,association,national security,,7fDWiWmYGZEd
636,security affairs alliance,security affairs alliance,,association,defense,intelligene,3mUnWBRviRh4
637,sennewald associates,sennewald associates,,consulting,other,,6AU6ZqS7QrAD
638,sensis,sensis,,consulting,marketing  comunication,government ,3kZkP8zRjsvU
639,sensis corp,sensis corp,,contractor,aerospace,,Vap3ZAuRz4of
640,sentek,sentek,,commercial,agronomy ,environment,3uyRrRrmnPH3
641,service academy advisory board,service academy advisory board,,advisory board-gov,government,,6kfxn3JRwrGe
642,shelfpoint,shelfpoint,,technology,retail,,4ALDNN42yXSf
643,shell oil,shell oil,,manufacturing,energy,,4mMbhVJbrL43
644,shipley,shipley,,consulting,comunications ,,4yjNX7spYFkR
645,short answers,short answers,,commercial,,,6iGV9XtXrHk2
646,sika international,sika international,,manufacturing,weapons manufacuring ,aerospace/ defence,32tyC7be9V9V
647,silver eagle,silver eagle,,commercial,entertainment ,,5QFxoeiBVyEm
648,smanda strategic advisers,smanda strategic advisers,,commercial,,,46p9fAuVjeFk
649,smartronix,smartronix,,it service,management ,,89YVF8BLbppm
650,smiths aerospace,smiths aerospace,,technology,aerospace,,4x98QpmBYxLX
651,snvc,snvc,,commercial,,,fkviyF4Zvk77
652,society of naval architects and engineers,society of naval architects and engineers,,association,defense,,5WniTNKqwJmG
653,sonoco products company,sonoco products company,,commercial,consumer packaging ,,3ooi33wvmWSX
654,sourcefire,sourcefire,,technology,security ,,3tK5rqj7nGqs
655,south carolina credit union,south carolina credit union,,bank,finance,,7RsNYtPLLQup
656,southwest foundation for biomedical research,southwest foundation for biomedical research,,"ngo, state or local",healthcare,,5Vk3d6jjF7St
657,spadac,spadac,,commercial,,,3zAfrN83B6sj
658,spectrum,spectrum,,consulting,other,,7FoKowtVdXGT
659,spectrum bancorporation,spectrum bancorporation,,bank,finance,,6XaXwL4ruyRK
660,"spectrum control, inc. ",,,manufacturing,technology,,8HyUoPvmGXUg
661,spencer fane britt and browne,spencer fane britt and browne,,commercial,,,6Xt7wEVBSYxU
662,spirit aerospace,spirit aerospace,,commercial,,,7m2Ry7YkipQv
663,sporting arms and ammunition manufacturers institute,sporting arms and ammunition manufacturers institute,,association,other,,7FzVTr2GpMSA
664,sri international,sri international,,consulting,technology,,5dqHtiiMudkz
665,srp consulting,srp consulting,,commercial,,,5uToKwwU6xeN
666,st louis public schools,st louis public schools,,government-local,government,,7cuadWgkeS9g
667,standard renewable energy,standard renewable energy,,commercial,energy,,62Gk4qt56UsY
668,star mountain consulting,star mountain consulting,,commercial,,,w9wQ8pYxmFfx
669,star strategies group,star strategies group,,commercial,,,6XVReegv6jTd
670,starbase atlantis,starbase atlantis,,"ngo, state or local",education,,8EJJbuQ7zkA5
671,starbright foundation,starbright foundation,,"ngo, state or local",philanthropy,,3qhECPCq5uiD
672,starcraft boosters,starcraft boosters,,commercial,,,Xc9jS6GEMP9U
673,state of florida,state of florida,,government,government,,4t6yozBEpEHY
674,staubuck governmental services,staubuck governmental services,,commercial,,,86bcQLUYqMPB
675,steele partners,steele partners,,commercial,,,7dxidanQcTyv
676,stimson,stimson,,think tank,other,,66p3wQJfSjWZ
677,stone energy,stone energy,,commercial,,,5LfRnxi4cs4f
678,strategic air and space museum,strategic air and space museum,,"ngo, state or local",education,,3EpLK7pfMdXU
679,stupski foundation,stupski foundation,,"ngo, state or local",philanthropy,,7qj7M6hsBJko
680,suntrust bank,suntrust bank,,bank,finance,,6zt6G9EjqwDY
681,suny martime college,suny martime college,,university,education,,3zqkpSKgFntJ
682,supreme group lcc,supreme group lcc,,commercial,,,8DjMYDwXPntF
683,suss consulting,suss consulting,,commercial,,,7efXpAtTj6S6
684,sy coleman,sy coleman,,commercial,,,6GDSHPuuZY6w
685,sys tech,sys tech,,commercial,,,7Q6Qa5FH5R49
686,systematic software engineering,systematic software engineering,,commercial,,,3KsHpywP7fjn
687,sytel,sytel,,commercial,,,4EX6i6JvTJvZ
688,tablerock international,tablerock international,,commercial,,,7Rg2mTFsLmxe
689,tactical air support,tactical air support,,contractor,defense,,6dUMz7Q67Mgh
690,tai intl,tai intl,,commercial,,,Su5e3P3bwJ3s
691,taos industries,taos industries,,commercial,,,84QWmKyGX4QE
692,taser international,taser international,,technology,manufacturing,,4dfR9nEGVdqi
693,taylor energy,taylor energy,,commercial,energy,,5R5tkVMdPFiP
694,tbaptiste and associates,tbaptiste and associates,,consulting,construction,,4d3ZD7DbXnMx
695,teamability,teamability,,technology,management,,4nokF5FU7kNq
696,technographics,technographics,,commercial,manufacturing,,5TMZVzTmWQoZ
697,"technology acceleration partners, investment arm","technology acceleration partners, investment arm",,venture capital,finance,,5Zhxc8ptyvW2
698,technology fusion services,technology fusion services,,technology,services ,,7qEQSQUCPUrw
699,technology strategies and alliances corp,technology strategies and alliances corp,,commercial,services,,8Jn4vkuKjd5s
700,tektronix,tektronix,,commercial,manufacturing,,7bwDRvuZyQRi
701,telecommunications infrastructures board,telecommunications infrastructures board,,commercial,telecommunication,,4EXVt6cD8wfP
702,telecommunications systems,telecommunications systems,,technology,services,,4AVcMSEuGeZA
703,teledyne,teledyne,,commercial,industrial,,5yq54vF595Lv
704,telos,telos,,commercial,consulting,,4Rv9EigV7Ryw
705,tennessee valley authority,tennessee valley authority,,government,energy,,3HCPjoYd6kCP
706,tennessee valley authority,tennessee valley authority,,energy,utility,,445SPxSSa9Pa
707,terma north america,terma north america,,technology,industrial,,3zKDX5DGGBo5
708,tex brown consulting,tex brown consulting,,consulting,services,,7h8QLA5bRza4
709,texas aandm,texas aandm,,university,education,,5zUbmfeBJ3j6
710,texas instuments,texas instuments,,commercial,technology,,37oNyYgdkFC5
711,texas state government,texas state government,,government-state,government,,6wWhxXT8ambt
712,the atlantic council,,,think tank,other,national security,322St9Syaf2e
713,the commission on the theft of american intellectual property,,,think tank,other,national security,7YxtjVYU3tBy
714,the costello group,the costello group,,consulting,services,,7D8mYcyijNAa
715,the veterans of foreign wars foundation,,,association,defense,,7PL2hxRmdMRr
716,thinklogical,,,manufacturing,technology,telecommunication,66iXoDHnudoV
717,thomas group,thomas group,,commercial,services,,4xsb9d9Xx7bq
718,thw consulting,thw consulting,,commercial,consulting,,6R8txjTdU9hK
719,tibco,tibco,,commercial,technology,,54Sw3sbochPd
720,tier 4 consulting,tier 4 consulting,,consulting,services,,6EcmoPWxiNHW
721,tmb consulting and associates,tmb consulting and associates,,consulting,technology,,375CvktabyvN
722,torch hill investment partners,torch hill investment partners,,investment company,finance,,7A2ECEDQVsdx
723,torchmark,torchmark,,holding company,insurance,,NsXgg3LDsqXd
724,toys for tots,toys for tots,,"ngo, state or local",philanthropy,,4HSZ2McG9mqd
725,translog international,translog international,,transportation,,,4KhVK3nFhe6u
726,transystems,transystems,,construction ,engineering,,5MfCmkqRvcaV
727,trex enterprise,trex enterprise,,manufacturing,electronic,,7EDSgNgmgivm
728,tricol biomedical,,,manufacturing,healthcare,,6gz3AgT9Tbk6
729,troa ed,troa ed,,association,government,,6Yzw9DBrKKgR
730,true growth ,,,consulting,consulting,,tajXjhQuhN98
731,truelite,truelite,,manufacturing,energy,,7DPd9b5h7AFC
732,trw space and electronics group,trw space and electronics group,,manufacturing,defense,,9hDyC8ovQhXV
733,tyco interational,,,contractor,defense,,59efzomkukk4
734,u.s. military academy,u.s. military academy,,university,education,,59rjJhzEwhrH
735,united defense corporation,united defense corporation,,manufacturing,defense,,6GCaFVuxmqjM
736,united defense industries,united defense industries,,manufacturing,defense,,8Cfj3a2yJTMv
737,united technologies,,,manufacturing,aerospace,defense,7W8JMxT3DnDz
738,university of california ,university of california ,,university,education,,66tXVoWGLfTG
739,university of central florida,university of central florida,,university,education,,7GcZmUuyv5ji
740,university of texas,university of texas,,university,education,,3P8Rk58ncqyv
741,"university of texas, arlington",,,university,education,,8LJN37SDET3P
742,uqm technologies,uqm technologies,,manufacturing,transportation,,83J72FQdNoL8
743,us chamber of commerce,us chamber of commerce,,association,other,,7pDFCfThmsEA
744,us government,us government,,government,government,,npotn5K4R3VZ
745,us institute of peace,us institute of peace,,think tank-gov,national security,,3tyxxc2TYNTP
746,us naval academy,us naval academy,,university,education,,82aJYYEJukkh
747,usaa,usaa,,bank,finance,,f6Bh5omqk76t
748,us-algeria business council,us-algeria business council,,association,other,,yxeww8zNDhBB
749,usec,usec,,manufacturing,energy,,RbNKW99rB5eS
750,usfalcon,usfalcon,,contractor,defense,,57kfKy7Svkeh
751,usis,usis,,"ngo, state or local",other,,3p4t2Kft9UkR
752,uso,uso,,"ngo, state or local",other,,3LGSA5LwQaJq
753,validium technology,validium technology,,consulting,human resources,,5uUApywmmvvD
754,van fleet group,van fleet group,,consulting,human resources,,63swvi3JgYsJ
755,verint systems,verint systems,,commercial,,,6iyk8GanZ49L
756,vertex,vertex,,contractor,aerospace,,5fxqHqoJmtsa
757,veterans disability benefits commission,veterans disability benefits commission,,advisory board-gov,government,,6LQ4gbbWYRww
758,viaglobal,viaglobal,,consulting,education,,36vGtTcvAQYk
759,viaspace,viaspace,,other,energy,,hCcgQp5NwuwQ
760,virtual agility,virtual agility,,contractor,technology,,4QVzEwtphE6z
761,vmi,vmi,,university,education,,3ekgrT93CYXe
762,vought,vought,,commercial,,,8FovJFpmKvSX
763,vse corporation,vse corporation,,commercial,,,3Wu8MEPkeUif
764,vt systems,vt systems,,commercial,,,niMzJmbAaJEj
765,walden univeristy,walden univeristy,,university,education,,5tHxqPGwN4pB
766,wallace lighthouse consulting,wallace lighthouse consulting,,commercial,,,7BUcyUvfidd2
767,walters international,walters international,,commercial,,,6AKi8oEsM4fW
768,warrior information technology,warrior information technology,,commercial,,,4p792sEkGbYy
769,washington group international,washington group international,,construction,construction,,7njQTb6tbXtf
770,wbb consulting,wbb consulting,,commercial,,,5xYwBvKzmXqF
771,wcg and associates international,wcg and associates international,,consulting,other,,5E9gBKZeHpnt
772,wells fargo,wells fargo,,bank,finance,,3KabwyqPtUML
773,wesley k. clark and associates,wesley k. clark and associates,,consulting,other,,4Lby2eFoyAg9
774,west point society,west point society,,association,other,,7Bf4yUe5HAhG
775,westar aerospace and defense group,westar aerospace and defense group,,commercial,,,7Wg3qbE2gTdy
776,westinghouse government environmental services company,westinghouse government environmental services company,,commercial,,,38ma5JJPZwHU
777,westwind group,westwind group,,commercial,,,oA9WXpY9xZiP
778,wexford group,wexford group,,consulting,defense,,4U6j5CuhLfPT
779,wheat communications,wheat communications,,commercial,,,5RezxQqQTxJK
780,white oak group,white oak group,,private equity,finance,,8MCE5JgyNyoG
781,widepoint,widepoint,,commercial,,,3F7k5DWitnSA
782,william penn university,,,university,education,,7U3TwZiVKuLz
783,windmill international,windmill international,,commercial,,,5Nzm5s4wgz37
784,woodshole oceangraphic institute,woodshole oceangraphic institute,,university,education,,7vMkHrek4mAQ
785,world affairs council,world affairs council,,think tank,national security,,bzBesbkD37tV
786,wright flight,wright flight,,commercial,,,4aHGpCWQU7wY
787,wrl3 consulting,wrl3 consulting,,commercial,,,4fGWsvtd7pKs
788,wyle,wyle,,commercial,,,4Q9hjR4FyVVi
789,xcelaero,xcelaero,,commercial,,,4UHsFdBHY8Qr
790,ymca armed forces,ymca armed forces,,"ngo, state or local",other,,6jbfb9PZcpQn
791,zazi,zazi,,commercial,,,7ybVCR8Es8ay
792,zymex corp,zymex corp,,commercial,,,6GrRX9LBucEd
793,,fti llp,,consulting,communications,,7omgycLnfcwH
794,"fti consulting (sc), inc.",fti sc,,consulting,communications,,7ve5dryANvdP
795,fcb new york,fcb,,consulting,marketing,,3ZtYai8FsVmk
796,ethiopian people revolutionary party,ethiopian people revolutionary party,,political party,public affairs,,7AKLDDYyYJbb
797,debevoise & plimpton llp,debevoise & plimpton,,law firm,legal,,3y2UTPHLwqHx
798,definers corp,definers,,consulting,communications/public affairs,,67mTDjGYMR2R
799,"davis goldberg & galper, pllc",david goldberg & galper,,,,,77tAcckt8GHe
800,"lb international solutions, llc",lb international solutions,,consulting,,,6HgZjxXCgJMW
801,mcgregor group,mcgregor group,,consulting,,,5Es7kYuVdDNF
802," gephardt  group government affairs, llc",gephardt group,,lobbying,,,7XNjkmLPqNez
803,fleishman-hilliard governmental relations,fleishman-hilliard governmental relations,,consulting,communications,,6dpXsrhvSRPc
804,mercer & associates,mercer & associates,,consulting,finance,,4QAPHKX4fkiQ
805,dickstein shapiro,dickstein shapiro llp,,lobbying,,,4ELCgVVcnALD
806,caspian group,caspian group,,lobbying,,,3bdsCnAPzSy3
807,greenberg trauig,greenberg trauig llp,,law firm,legal,,6VE5Hjd3zNeJ
808,capitol counsel,capitol counsel llc,,lobbying,,,6iW6o3QK5x7r
809,belvedere strategies,belvedere strategies llc,,consulting,business,,52ZpJ78FeMXE
810,kurdistan regional government - liason office usa,kurdistan regional office - liason office usa,,lobbying,,,EEqbELGsbt8J
811,,,,,,,5E3QbJXebkMC
812,,,,,,,76Q9wptgcVGc
